[
  {
    "Id": "826222",
    "ThreadId": "352909",
    "Html": "<p>how can the info_hash parameter be calculated, using this Bencoding lib??</p>\n<p>&nbsp;</p>\n<p>BDict info_dict = torrent_dict[\"info\"];</p>\n<p>String info_content = info_dict.Encode();</p>\n<p>byte[] info_bytes = UTF8encoding.GetBytes(info_content);</p>\n<p>and do hash on that??</p>\n<p>&nbsp;</p>\n<p>I tested this with multiple torrent files.. and still wrong hash..</p>\n<p>Am I doing it wrong.. should the dict &amp; all inner dict be sorted.. and if YES: can I have a guideline on how to do that? (oh yeah..tested also with ASCII encoding)</p>",
    "PostedDate": "2012-04-19T15:15:08.347-07:00",
    "UserRole": null,
    "MarkedAsAnswerDate": null
  },
  {
    "Id": "870882",
    "ThreadId": "352909",
    "Html": "<p>Hi,</p>\r\n<p>Sorry for the late response, but I've done a rewrite as I was trying to solve this problem myself.<br />The result is now available as version 0.4, and I've made a helper function to help you hash torrents.</p>\r\n<p>Regards,<br />Mike&nbsp;</p>",
    "PostedDate": "2012-07-17T09:08:41.977-07:00",
    "UserRole": null,
    "MarkedAsAnswerDate": null
  }
]