{
  "WorkItem": {
    "AffectedComponent": {
      "Name": "",
      "DisplayName": ""
    },
    "ClosedComment": "",
    "ClosedDate": null,
    "CommentCount": 0,
    "Custom": null,
    "Description": "Add sorting of dictionaries to the code. \nCan be found in \"Bencode.Dict.cs\" under \"Encode()\".",
    "LastUpdatedDate": "2017-12-08T23:03:34.59-08:00",
    "PlannedForRelease": "",
    "ReleaseVisibleToPublic": false,
    "Priority": {
      "Name": "Medium",
      "Severity": 100,
      "Id": 2
    },
    "ProjectName": "bencode",
    "ReportedDate": "2010-08-08T14:29:33.5-07:00",
    "Status": {
      "Name": "Proposed",
      "Id": 1
    },
    "ReasonClosed": {
      "Name": "Unassigned"
    },
    "Summary": "Add sorting to Dictionaries",
    "Type": {
      "Name": "Task",
      "Id": 2
    },
    "VoteCount": 1,
    "Id": 46
  },
  "FileAttachments": [],
  "Comments": []
}