{
  "WorkItem": {
    "AffectedComponent": {
      "Name": "",
      "DisplayName": ""
    },
    "ClosedComment": "",
    "ClosedDate": "2010-08-13T05:31:09.423-07:00",
    "CommentCount": 0,
    "Custom": null,
    "Description": "When testing the Real Life scenario of parsing the Ubuntu 10.04.Torrent, an error occurred. It seams that the Decode() cannot read Null-bytes. \n \nSolution is most likely to use Streams instead of Strings.",
    "LastUpdatedDate": "2013-05-15T18:47:14.95-07:00",
    "PlannedForRelease": "Bencoding Library - Alpha",
    "ReleaseVisibleToPublic": true,
    "Priority": {
      "Name": "High",
      "Severity": 150,
      "Id": 3
    },
    "ProjectName": "bencode",
    "ReportedDate": "2010-08-09T13:02:18.533-07:00",
    "Status": {
      "Name": "Closed",
      "Id": 4
    },
    "ReasonClosed": {
      "Name": "Unassigned"
    },
    "Summary": "Cannot read NULL bytes.",
    "Type": {
      "Name": "Issue",
      "Id": 3
    },
    "VoteCount": 0,
    "Id": 54
  },
  "FileAttachments": [],
  "Comments": [
    {
      "Message": "Fixed, with changeset 1102",
      "PostedDate": "2010-08-13T05:29:41.48-07:00",
      "Id": -2147483648
    },
    {
      "Message": "",
      "PostedDate": "2010-08-13T05:30:50.517-07:00",
      "Id": -2147483648
    },
    {
      "Message": "",
      "PostedDate": "2010-08-13T05:31:09.423-07:00",
      "Id": -2147483648
    },
    {
      "Message": "",
      "PostedDate": "2013-02-13T15:26:21.02-08:00",
      "Id": -2147483648
    },
    {
      "Message": "",
      "PostedDate": "2013-05-15T18:47:14.95-07:00",
      "Id": -2147483648
    }
  ]
}