{
  "WorkItem": {
    "AffectedComponent": {
      "Name": "",
      "DisplayName": ""
    },
    "ClosedComment": "",
    "ClosedDate": "2011-04-21T03:27:05.85-07:00",
    "CommentCount": 0,
    "Custom": null,
    "Description": "I encountered this structure \"le\", your library assumes every bencode list has at least 1 item in it and throws an exception when this situation occurs.\nNot sure if there are zero lenght dictionaries too but It could be good to handle those too",
    "LastUpdatedDate": "2017-12-08T23:03:35.74-08:00",
    "PlannedForRelease": "",
    "ReleaseVisibleToPublic": false,
    "Priority": {
      "Name": "Low",
      "Severity": 50,
      "Id": 1
    },
    "ProjectName": "bencode",
    "ReportedDate": "2011-04-20T11:56:46.837-07:00",
    "Status": {
      "Name": "Closed",
      "Id": 4
    },
    "ReasonClosed": {
      "Name": "Unassigned"
    },
    "Summary": "Handling Lists with no items",
    "Type": {
      "Name": "Issue",
      "Id": 3
    },
    "VoteCount": 1,
    "Id": 675
  },
  "FileAttachments": [],
  "Comments": [
    {
      "Message": "That's true. \r\nI'll see if I can work it in.",
      "PostedDate": "2011-04-21T03:06:01.03-07:00",
      "Id": -2147483648
    },
    {
      "Message": "",
      "PostedDate": "2011-04-21T03:07:04.147-07:00",
      "Id": -2147483648
    },
    {
      "Message": "Resolved with changeset 7746.",
      "PostedDate": "2011-04-21T03:27:05.85-07:00",
      "Id": -2147483648
    },
    {
      "Message": "",
      "PostedDate": "2013-02-13T15:26:20.3-08:00",
      "Id": -2147483648
    },
    {
      "Message": "",
      "PostedDate": "2013-05-15T18:47:14.42-07:00",
      "Id": -2147483648
    },
    {
      "Message": "",
      "PostedDate": "2017-12-08T23:03:35.74-08:00",
      "Id": -2147483648
    }
  ]
}