[
  {
    "Id": "0",
    "Name": "Bencode Library 0.3",
    "DevelopmentStatus": "Beta",
    "Description": "Fixed some exceptions when an empty list or dictionary  was decoded.",
    "ReleasedDatge": "0001-01-01T00:00:00",
    "ModifiedDate": "2011-04-21T03:50:28.657-07:00",
    "Files": [
      {
        "Id": "9c67bbc8-79e1-40bd-844e-8d9558f6db9a",
        "FileName": "BencodeLibrary.dll",
        "Url": "./0/9c67bbc8-79e1-40bd-844e-8d9558f6db9a",
        "Type": "Application",
        "UploadDate": "2011-04-21T03:50:28.36-07:00"
      }
    ]
  },
  {
    "Id": "1",
    "Name": "Bencode Library 0.2",
    "DevelopmentStatus": "Beta",
    "Description": "In this edition, changes were made to better handle Null-byte-strings. \nAlso, the BString component now handles strings as byte-arrays. A new property has been made to load the string as a string (BString.ValueString).",
    "ReleasedDatge": "0001-01-01T00:00:00",
    "ModifiedDate": "2010-08-13T05:19:20.153-07:00",
    "Files": [
      {
        "Id": "7a9634ff-9cbe-4619-b3a0-5502df543a0e",
        "FileName": "BencodeLibrary.dll",
        "Url": "./1/7a9634ff-9cbe-4619-b3a0-5502df543a0e",
        "Type": "Application",
        "UploadDate": "2010-08-13T05:19:20.06-07:00"
      }
    ]
  },
  {
    "Id": "2",
    "Name": "Bencoding Library - Alpha",
    "DevelopmentStatus": "Alpha",
    "Description": "First release. Library is in alpha.",
    "ReleasedDatge": "0001-01-01T00:00:00",
    "ModifiedDate": "2010-08-09T04:38:33.417-07:00",
    "Files": [
      {
        "Id": "cfaa7085-34d5-4593-aff0-b2741f262f89",
        "FileName": "BencodeLibrary.dll",
        "Url": "./2/cfaa7085-34d5-4593-aff0-b2741f262f89",
        "Type": "Application",
        "UploadDate": "2010-08-09T04:38:33.293-07:00"
      }
    ]
  },
  {
    "Id": "3",
    "Name": "Bencode Library 0.4",
    "DevelopmentStatus": "Stable",
    "Description": "The version 0.4 of the BencodeLibrary, which is a major rewrite.\nIt also features addition to the Nuget package repository.",
    "ReleasedDatge": "0001-01-01T00:00:00",
    "ModifiedDate": "2012-07-17T09:05:44.373-07:00",
    "Files": [
      {
        "Id": "088438fe-21ca-4a88-ba4f-537376db23fb",
        "FileName": "BencodeLibrary.dll",
        "Url": "./3/088438fe-21ca-4a88-ba4f-537376db23fb",
        "Type": "Application",
        "UploadDate": "2012-07-17T09:05:44.157-07:00"
      }
    ]
  }
]